file,last_commit,blob_size,was_size,status
docs/架构迭代/1、系统架构设计说明/001、核心框架系统架构和功能模块深度剖析.md,31c835ef,55335,55335,OK
docs/架构迭代/1、系统架构设计说明/002、数据库设计与数据架构.md,31c835ef,40437,40437,OK
docs/架构迭代/1、系统架构设计说明/003、部署运维与环境配置指南.md,31c835ef,49345,49345,OK
docs/架构迭代/1、系统架构设计说明/004、开发指南与编码规范.md,31c835ef,50257,50257,OK
docs/架构迭代/1、系统架构设计说明/10、向量数据库修订施工包.md,5e79b0b6,22166,22166,OK
docs/架构迭代/1、系统架构设计说明/11、架构深潜切面一之日志系统最后施工包.md,001f4ffb,51881,51881,OK
docs/架构迭代/1、系统架构设计说明/12、架构深潜之龙隐于海.md,b4c32dd1,284959,284959,OK
docs/架构迭代/1、系统架构设计说明/12、架构深潜之龙隐于海.pdf,b4c32dd1,1460982,1460982,OK
docs/架构迭代/1、系统架构设计说明/13、架构深潜切面一的最后审查.md,b4c32dd1,30551,30551,OK
docs/架构迭代/1、系统架构设计说明/1、架构深潜.md,31c835ef,28798,28798,OK
docs/架构迭代/1、系统架构设计说明/2、切面2架构深潜/1、切面二第三阶段审查.md,b4c32dd1,4124,4124,OK
docs/架构迭代/1、系统架构设计说明/2、架构文档编写总纲.md,31c835ef,86270,86270,OK
docs/架构迭代/1、系统架构设计说明/2、架构深潜之二.md,f2ddadb0,18135,18135,OK
docs/架构迭代/1、系统架构设计说明/3、架构深潜第二轮审计opus4.8.md,f2ddadb0,34930,34930,OK
docs/架构迭代/1、系统架构设计说明/3、物联网项目开发能力扩展评估第一版.md,31c835ef,45516,45516,OK
docs/架构迭代/1、系统架构设计说明/3、物联网项目开发能力扩展评估第一版.pdf,31c835ef,650430,650430,OK
docs/架构迭代/1、系统架构设计说明/4、架构深潜前的准备.md,f2ddadb0,21627,21627,OK
docs/架构迭代/1、系统架构设计说明/5、架构深潜之龙隐于渊.md,b747da59,17417,17417,OK
docs/架构迭代/1、系统架构设计说明/6、架构深潜切面一之日志系统.md,b747da59,160512,160512,OK
docs/架构迭代/1、系统架构设计说明/7、架构深潜切面零之SDK其实最重要.md,b747da59,58361,58361,OK
docs/架构迭代/1、系统架构设计说明/8、架构深潜切面零之SDK升级任务修正版.md,b747da59,38941,38941,OK
docs/架构迭代/1、系统架构设计说明/9、私属向量数据库.md,5e79b0b6,12175,12175,OK
docs/架构迭代/1、系统架构设计说明/参考项目（极其重要）.md,31c835ef,6635,6635,OK
docs/架构迭代/1、系统架构设计说明/项目规则文档的迭代/1、项目规则文档最初版本.md,ea78d445,13999,13999,OK
docs/架构迭代/1、系统架构设计说明/项目规则文档的迭代/2、修正版.md,ea78d445,23094,23094,OK
docs/架构迭代/1、系统架构设计说明/项目规则文档的迭代/3、针对加强版.md,ea78d445,18487,18487,OK
docs/架构迭代/2、架构迭代方案设计/1、核心架构二期迭代意见.md,31c835ef,44405,44405,OK
docs/架构迭代/2、架构迭代方案设计/2、应用服务二期迭代意见.md,31c835ef,10623,10623,OK
docs/架构迭代/2、架构迭代方案设计/3、物联网项目开发能力扩展评估.md,31c835ef,4757,4757,OK
docs/架构迭代/2、架构迭代方案设计/V5.2改造说明/1、第一轮改造计划.md,31c835ef,23306,23306,OK
docs/架构迭代/2、架构迭代方案设计/V5.2改造说明/2、新的改造方案.md,31c835ef,22241,22241,OK
docs/架构迭代/2、架构迭代方案设计/智慧工地项目专题/1、智慧工地项目实现思路.md,31c835ef,6619,6619,OK
docs/架构迭代/2、架构迭代方案设计/智慧工地项目专题/华星智慧工地项目后台管理配置说明书.md,31c835ef,35410,35410,OK
docs/架构迭代/2、架构迭代方案设计/智慧工地项目专题/智慧工地项目实施方案完整版.md,31c835ef,65442,65442,OK
docs/架构迭代/2、架构迭代方案设计/移动APPuniapp代码生成/1、第一轮指导.md,31c835ef,7975,7975,OK
docs/架构迭代/3、架构迭代子阶段施工/2、应用服务施工阶段/1、施工方案.md,31c835ef,3355,3355,OK
docs/架构迭代/3、架构迭代子阶段施工/3、前端项目施工阶段/1、迭代方案/1、第一次整理意见.md,31c835ef,12692,12692,OK
docs/架构迭代/3、架构迭代子阶段施工/3、前端项目施工阶段/1、迭代方案/2、第二次整理意见.md,31c835ef,8608,8608,OK
docs/架构迭代/3、架构迭代子阶段施工/3、前端项目施工阶段/2、开发计划和施工包/01-前端整理开发计划与施工包.md,31c835ef,18030,18030,OK
docs/架构迭代/3、架构迭代子阶段施工/3、前端项目施工阶段/2、开发计划和施工包/02-dist源码对照矩阵.md,31c835ef,4247,4247,OK
docs/架构迭代/3、架构迭代子阶段施工/3、前端项目施工阶段/2、开发计划和施工包/03-GAP待补清单与功能对等验收表.md,31c835ef,3834,3834,OK
docs/架构迭代/3、架构迭代子阶段施工/3、前端项目施工阶段/2、开发计划和施工包/README.md,31c835ef,1783,1783,OK
docs/架构迭代/4、项目工作推进日程清单/episodic-memory-playbook.md,31c835ef,4093,4093,OK
docs/架构迭代/4、项目工作推进日程清单/progress-registry.yaml,31c835ef,10744,10744,OK
docs/架构迭代/4、项目工作推进日程清单/项目开发推进清单(每完成一项工作记录一条记录).md,31c835ef,21443,21443,OK
docs/架构迭代/5、部署与运维/01-阶段一-环境准备.md,31c835ef,12387,12387,OK
docs/架构迭代/5、部署与运维/02-阶段二-数据库初始化.md,31c835ef,13273,13273,OK
docs/架构迭代/5、部署与运维/03-阶段三-后端服务启动.md,31c835ef,10991,10991,OK
docs/架构迭代/5、部署与运维/04-阶段四-前端构建与Nginx部署.md,31c835ef,9799,9799,OK
docs/架构迭代/5、部署与运维/05-阶段五-辅助服务部署.md,31c835ef,5526,5526,OK
docs/架构迭代/5、部署与运维/06-阶段六-生产加固.md,31c835ef,6574,6574,OK
docs/架构迭代/5、部署与运维/07-阶段七-端到端验证.md,31c835ef,8496,8496,OK
docs/架构迭代/5、部署与运维/README.md,31c835ef,10905,10905,OK
docs/架构迭代/5、部署与运维/附录-速查表与术语.md,31c835ef,6921,6921,OK
docs/架构迭代/6、培训与操作手册/1、三大操作手册编写要求.md,31c835ef,61807,61807,OK
docs/架构迭代/6、培训与操作手册/2、手册一-主WEB低代码代码生成操作手册.md,31c835ef,86162,86162,OK
docs/架构迭代/6、培训与操作手册/3、手册三-UniApp低代码移动APP生成操作手册.md,31c835ef,75039,75039,OK
docs/架构迭代/6、培训与操作手册/4、手册二-数字大屏全部功能操作手册.md,31c835ef,57112,57112,OK
docs/架构迭代/6、培训与操作手册/5、JNPF-v5.2操作手册使用指引.md,31c835ef,4978,4978,OK
