"table_name","disposition","product_asset_class","asset_lifecycle","platform_role","db_rows","db_cols","tenant_style","pk_type","entity_mapped","write_owner","read_consumers","api_exposed","code_owner","creation_source"
"ai_entity_field","ENTER","P0_PLATFORM_CORE","MANDATORY","CORE","824","26","F_TenantId","nvarchar","Y","inteAssistant;other","inteAssistant;other","Y","inteAssistant","backend/modularity/inteAssistant/Migrations/20260708_P9_Domain1_Entity_Field.sql"
"ai_ir_events","ENTER","P0_PLATFORM_CORE","MANDATORY","CORE","3780","14","F_TenantId","nvarchar","Y","other","inteAssistant;other","Y","inteAssistant","backend/modularity/inteAssistant/Migrations/20260704_Phase1_IR_Infrastructure.sql"
"ai_ir_fragment_snapshots","ENTER","P0_PLATFORM_CORE","MANDATORY","CORE","782","13","F_TenantId","nvarchar","Y","inteAssistant","inteAssistant;other","Y","inteAssistant","backend/modularity/inteAssistant/Migrations/20260704_Phase1_IR_Infrastructure.sql"
"ai_projects","ENTER","P0_PLATFORM_CORE","MANDATORY","CORE","329","19","F_TenantId","nvarchar","Y","inteAssistant","inteAssistant","Y","inteAssistant","backend/modularity/inteAssistant/Migrations/20260704_Phase1_IR_Infrastructure.sql"
"ai_route_table","ENTER","P0_PLATFORM_CORE","MANDATORY","CORE","328","10","F_TenantId","nvarchar","Y","inteAssistant","inteAssistant","Y","inteAssistant","backend/modularity/inteAssistant/Migrations/20260704_Phase1_IR_Infrastructure.sql"
"ai_seed_templates","ENTER","P0_PLATFORM_CORE","MANDATORY","CORE","40","9","NONE","nvarchar","Y","","inteAssistant","Y","inteAssistant","backend/modularity/inteAssistant/Migrations/20260718_Phase2_Skills_Infrastructure.sql"
"ai_skill_llm_policy","ENTER","P0_PLATFORM_CORE","MANDATORY","CORE","9","8","NONE","nvarchar","Y","","inteAssistant","Y","inteAssistant","backend/modularity/inteAssistant/Migrations/20260801_Phase3_Design_Skills.sql"
"ai_skill_runs","ENTER","P0_PLATFORM_CORE","MANDATORY","CORE","373","11","F_TenantId","nvarchar","Y","inteAssistant","inteAssistant","Y","inteAssistant","backend/modularity/inteAssistant/Migrations/20260718_Phase2_Skills_Infrastructure.sql"
"base_advanced_query_scheme","ENTER","P0_PLATFORM_CORE","MANDATORY","CORE","2","18","f_tenant_id","nvarchar","Y","","","Y","system","DB/ZXAFINIT.sql"
"BASE_AI_AGENT_CONFIG","ENTER","P0_PLATFORM_CORE","MANDATORY","CORE","5","19","NONE","bigint","Y","inteAssistant","inteAssistant","Y","inteAssistant","DB/ZXAFINIT.sql"
"BASE_AI_AGENT_SKILL","ENTER","P0_PLATFORM_CORE","MANDATORY","CORE","0","13","NONE","bigint","Y","inteAssistant","inteAssistant","Y","inteAssistant","DB/ZXAFINIT.sql"
"BASE_AI_CALL_LOG","ENTER","P0_PLATFORM_CORE","MANDATORY","CORE","1502","25","F_TENANT_ID","nvarchar","Y","","inteAssistant;JNPF.API.Entry","Y","JNPF.API.Entry","DB/ZXAFINIT.sql"
"BASE_AI_EVAL_CASE","ENTER","P0_PLATFORM_CORE","MANDATORY","CORE","4","13","NONE","bigint","Y","","inteAssistant","Y","inteAssistant","DB/ZXAFINIT.sql"
"BASE_AI_EVAL_GOLDEN_SET","ENTER","P0_PLATFORM_CORE","MANDATORY","CORE","1","11","NONE","bigint","Y","","inteAssistant","Y","inteAssistant","DB/ZXAFINIT.sql"
"BASE_AI_EVAL_RUN","ENTER","P0_PLATFORM_CORE","MANDATORY","CORE","0","20","F_TenantId","bigint","Y","inteAssistant","inteAssistant","Y","inteAssistant","DB/ZXAFINIT.sql"
"BASE_AI_GENERATED_PROJECT","ENTER","P0_PLATFORM_CORE","MANDATORY","CORE","328","25","F_TenantId","bigint","Y","inteAssistant","inteAssistant","Y","inteAssistant","DB/ZXAFINIT.sql"
"BASE_AI_MCP_CONFIG","ENTER","P0_PLATFORM_CORE","MANDATORY","CORE","0","15","NONE","bigint","Y","","inteAssistant","Y","inteAssistant","DB/ZXAFINIT.sql"
"BASE_AI_MODEL_PROVIDER","ENTER","P0_PLATFORM_CORE","MANDATORY","CORE","5","20","NONE","bigint","Y","inteAssistant","inteAssistant","Y","inteAssistant","DB/ZXAFINIT.sql"
"BASE_AI_MODEL_ROUTING","ENTER","P0_PLATFORM_CORE","MANDATORY","CORE","5","16","NONE","bigint","Y","inteAssistant","inteAssistant","Y","inteAssistant","DB/ZXAFINIT.sql"
"BASE_AI_PIPELINE","ENTER","P0_PLATFORM_CORE","MANDATORY","CORE","409","38","F_TENANT_ID","nvarchar","Y","inteAssistant","inteAssistant","Y","system","DB/ZXAFINIT.sql"
"BASE_AI_PIPELINE_MESSAGE","ENTER","P0_PLATFORM_CORE","MANDATORY","CORE","678","20","F_TENANT_ID","nvarchar","Y","inteAssistant","inteAssistant","Y","system","DB/ZXAFINIT.sql"
"BASE_AI_PIPELINE_S2_PROGRESS","ENTER","P0_PLATFORM_CORE","MANDATORY","CORE","3","20","F_TENANT_ID","nvarchar","Y","","inteAssistant","Y","system","backend/modularity/inteAssistant/Migrations/20260718_S2_Progress.sql"
"BASE_AI_PIPELINE_STAGE_CONFIG","ENTER","P0_PLATFORM_CORE","MANDATORY","CORE","5","15","NONE","bigint","Y","","inteAssistant","Y","inteAssistant","DB/ZXAFINIT.sql"
"BASE_AI_PROMPT_TEMPLATE","ENTER","P0_PLATFORM_CORE","MANDATORY","CORE","0","12","F_TenantId","bigint","Y","","","Y","system","DB/ZXAFINIT.sql"
"BASE_AI_SKILL_REVIEW","ENTER","P0_PLATFORM_CORE","MANDATORY","CORE","0","14","F_TenantId","bigint","Y","","inteAssistant","Y","system","backend/modularity/inteAssistant/Migrations/20260708_Phase7_Skill_Reviews.sql"
"BASE_AI_UI_TEMPLATE","ENTER","P0_PLATFORM_CORE","MANDATORY","CORE","0","18","F_TenantId","bigint","Y","inteAssistant","inteAssistant","Y","inteAssistant","DB/ZXAFINIT.sql"
"base_api_log","ENTER","P0_PLATFORM_CORE","MANDATORY","CORE","39","38","f_tenant_id","nvarchar","Y","system","","Y","system","DB/ZXAFINIT.sql"
"base_app_data","ENTER","P0_PLATFORM_CORE","MANDATORY","CORE","0","20","f_tenant_id","nvarchar","Y","system","system","Y","app","DB/ZXAFINIT.sql"
"base_authorize","ENTER","P0_PLATFORM_CORE","MANDATORY","CORE","2553","16","f_tenant_id","nvarchar","Y","","app;common;oauth;system;visualdev","Y","system","DB/ZXAFINIT.sql"
"base_bill_rule","ENTER","P0_PLATFORM_CORE","MANDATORY","CORE","61","27","f_tenant_id","nvarchar","Y","system","","Y","system","DB/ZXAFINIT.sql"
"base_columns_purview","ENTER","P0_PLATFORM_CORE","MANDATORY","CORE","1","14","f_tenant_id","nvarchar","Y","","system","Y","system","DB/ZXAFINIT.sql"
"base_common_fields","ENTER","P0_PLATFORM_CORE","MANDATORY","CORE","10","18","f_tenant_id","nvarchar","Y","","","Y","system","DB/ZXAFINIT.sql"
"base_common_words","ENTER","P0_PLATFORM_CORE","MANDATORY","CORE","0","15","f_tenant_id","nvarchar","Y","","system","Y","system","DB/ZXAFINIT.sql"
"base_data_interface","ENTER","P0_PLATFORM_CORE","MANDATORY","CORE","146","27","f_tenant_id","nvarchar","Y","","system;visualdev","Y","system","DB/ZXAFINIT.sql"
"base_data_interface_log","ENTER","P0_PLATFORM_CORE","MANDATORY","CORE","0","19","f_tenant_id","nvarchar","Y","","","Y","system","DB/ZXAFINIT.sql"
"base_data_interface_oauth","ENTER","P0_PLATFORM_CORE","MANDATORY","CORE","1","21","f_tenant_id","nvarchar","Y","system","system","Y","system","DB/ZXAFINIT.sql"
"base_data_interface_user","ENTER","P0_PLATFORM_CORE","MANDATORY","CORE","1","14","f_tenant_id","nvarchar","Y","system","system","Y","system","DB/ZXAFINIT.sql"
"base_data_interface_variate","ENTER","P0_PLATFORM_CORE","MANDATORY","CORE","1","15","f_tenant_id","nvarchar","Y","","system","Y","system","DB/ZXAFINIT.sql"
"base_db_link","ENTER","P0_PLATFORM_CORE","MANDATORY","CORE","1","23","f_tenant_id","nvarchar","Y","","codegen;system;workflow;zxdev","Y","system","DB/ZXAFINIT.sql"
"base_dictionary_data","ENTER","P0_PLATFORM_CORE","MANDATORY","CORE","897","20","f_tenant_id","nvarchar","Y","","codegen;report;system;visualdev","Y","system","DB/ZXAFINIT.sql"
"base_dictionary_type","ENTER","P0_PLATFORM_CORE","MANDATORY","CORE","145","19","f_tenant_id","nvarchar","Y","","message;system;visualdev","Y","system","DB/ZXAFINIT.sql"
"base_file","FREEZE","P6_LEGACY","LEGACY","LEGACY","0","16","f_tenant_id","nvarchar","N","","","","system","DB/ZXAFINIT.sql"
"BASE_FOUNDER_AUTH_LOG","ENTER","P0_PLATFORM_CORE","MANDATORY","CORE","13","16","F_TENANT_ID","nvarchar","Y","","","Y","system","DB/ZXAFINIT.sql"
"base_group","ENTER","P0_PLATFORM_CORE","MANDATORY","CORE","1","15","f_tenant_id","nvarchar","Y","system","common;engine;system;visualdev","Y","system","DB/ZXAFINIT.sql"
"base_im_content","ENTER","P0_PLATFORM_CORE","MANDATORY","CORE","9","18","f_tenant_id","nvarchar","Y","common","common;message","Y","message","DB/ZXAFINIT.sql"
"base_im_reply","ENTER","P0_PLATFORM_CORE","MANDATORY","CORE","2","15","f_tenant_id","nvarchar","Y","","common","Y","message","DB/ZXAFINIT.sql"
"base_integrate","ENTER","P0_PLATFORM_CORE","MANDATORY","CORE","3","20","f_tenant_id","nvarchar","Y","","inteAssistant","Y","system","DB/ZXAFINIT.sql"
"base_integrate_node","ENTER","P0_PLATFORM_CORE","MANDATORY","CORE","0","26","f_tenant_id","nvarchar","Y","inteAssistant","inteAssistant","Y","system","DB/ZXAFINIT.sql"
"base_integrate_queue","ENTER","P0_PLATFORM_CORE","MANDATORY","CORE","0","17","f_tenant_id","nvarchar","Y","common;inteAssistant","inteAssistant","Y","system","DB/ZXAFINIT.sql"
"base_integrate_task","ENTER","P0_PLATFORM_CORE","MANDATORY","CORE","0","23","f_tenant_id","nvarchar","Y","inteAssistant","","Y","system","DB/ZXAFINIT.sql"
"BASE_IR_EDIT_PATCH","ENTER","P0_PLATFORM_CORE","MANDATORY","CORE","0","17","F_TENANT_ID","bigint","Y","","","","system","DB/ZXAFINIT.sql"
"BASE_IR_VERSION","ENTER","P0_PLATFORM_CORE","MANDATORY","CORE","0","21","F_TENANT_ID","nvarchar","Y","","inteAssistant","Y","system","DB/ZXAFINIT.sql"
"BASE_KNOWLEDGE_EDGE","ENTER","P0_PLATFORM_CORE","MANDATORY","CORE","0","16","F_TENANT_ID","nvarchar","Y","","inteAssistant","Y","system","DB/ZXAFINIT.sql"
"BASE_KNOWLEDGE_NODE","ENTER","P0_PLATFORM_CORE","MANDATORY","CORE","0","15","F_TENANT_ID","nvarchar","Y","","inteAssistant","Y","system","DB/ZXAFINIT.sql"
"BASE_KNOWLEDGE_RULE","ENTER","P0_PLATFORM_CORE","MANDATORY","CORE","0","16","F_TenantId","bigint","Y","","inteAssistant","Y","inteAssistant","DB/ZXAFINIT.sql"
"BASE_MENU_BADGE","ENTER","P0_PLATFORM_CORE","MANDATORY","CORE","0","8","F_TenantId","bigint","Y","","inteAssistant","Y","inteAssistant","DB/ZXAFINIT.sql"
"base_message","ENTER","P0_PLATFORM_CORE","MANDATORY","CORE","1229","20","f_tenant_id","nvarchar","Y","message","common;message;visualdev","Y","message","DB/ZXAFINIT.sql"
"base_module","ENTER","P0_PLATFORM_CORE","MANDATORY","CORE","210","28","f_tenant_id","nvarchar","Y","","app;common;extend;oauth;system;visualdev","Y","system","DB/ZXAFINIT.sql"
"base_module_authorize","ENTER","P0_PLATFORM_CORE","MANDATORY","CORE","8","24","f_tenant_id","nvarchar","Y","system","system;visualdev","Y","system","DB/ZXAFINIT.sql"
"base_module_button","ENTER","P0_PLATFORM_CORE","MANDATORY","CORE","34","20","f_tenant_id","nvarchar","Y","system","system;visualdev","Y","system","DB/ZXAFINIT.sql"
"base_module_column","ENTER","P0_PLATFORM_CORE","MANDATORY","CORE","6","22","f_tenant_id","nvarchar","Y","system","system;visualdev","Y","system","DB/ZXAFINIT.sql"
"base_module_form","ENTER","P0_PLATFORM_CORE","MANDATORY","CORE","6","21","f_tenant_id","nvarchar","Y","system","system;visualdev","Y","system","DB/ZXAFINIT.sql"
"base_module_link","ENTER","P0_PLATFORM_CORE","MANDATORY","CORE","2","15","f_tenant_id","nvarchar","Y","","","Y","system","DB/ZXAFINIT.sql"
"base_module_scheme","ENTER","P0_PLATFORM_CORE","MANDATORY","CORE","8","20","f_tenant_id","nvarchar","Y","system","common;system;visualdev","Y","system","DB/ZXAFINIT.sql"
"base_msg_account","ENTER","P0_PLATFORM_CORE","MANDATORY","CORE","4","39","f_tenant_id","nvarchar","Y","","message","Y","message","DB/ZXAFINIT.sql"
"base_msg_monitor","ENTER","P0_PLATFORM_CORE","MANDATORY","CORE","147","21","f_tenant_id","nvarchar","Y","","message","Y","message","DB/ZXAFINIT.sql"
"base_msg_send","ENTER","P0_PLATFORM_CORE","MANDATORY","CORE","24","17","f_tenant_id","nvarchar","Y","","message","Y","message","DB/ZXAFINIT.sql"
"base_msg_send_template","ENTER","P0_PLATFORM_CORE","MANDATORY","CORE","23","17","f_tenant_id","nvarchar","Y","message","message","Y","message","DB/ZXAFINIT.sql"
"base_msg_short_link","ENTER","P0_PLATFORM_CORE","MANDATORY","CORE","0","21","f_tenant_id","nvarchar","Y","","message","Y","message","DB/ZXAFINIT.sql"
"base_msg_sms_field","ENTER","P0_PLATFORM_CORE","MANDATORY","CORE","0","17","f_tenant_id","nvarchar","Y","message","message","Y","message","DB/ZXAFINIT.sql"
"base_msg_template","ENTER","P0_PLATFORM_CORE","MANDATORY","CORE","26","23","f_tenant_id","nvarchar","Y","","message","Y","message","DB/ZXAFINIT.sql"
"base_msg_template_param","ENTER","P0_PLATFORM_CORE","MANDATORY","CORE","78","15","f_tenant_id","nvarchar","Y","message","message","Y","message","DB/ZXAFINIT.sql"
"base_msg_wechat_user","ENTER","P0_PLATFORM_CORE","MANDATORY","CORE","0","16","f_tenant_id","nvarchar","Y","","message","Y","message","DB/ZXAFINIT.sql"
"base_notice","ENTER","P0_PLATFORM_CORE","MANDATORY","CORE","3","22","f_tenant_id","nvarchar","Y","","message;visualdev","Y","message","DB/ZXAFINIT.sql"
"base_organize","ENTER","P0_PLATFORM_CORE","MANDATORY","CORE","6","20","f_tenant_id","nvarchar","Y","system","common;engine;system;visualdev;workflow","Y","system","DB/ZXAFINIT.sql"
"base_organize_administrator","ENTER","P0_PLATFORM_CORE","MANDATORY","CORE","5","25","f_tenant_id","nvarchar","Y","system","common;oauth;system","Y","system","DB/ZXAFINIT.sql"
"base_organize_relation","ENTER","P0_PLATFORM_CORE","MANDATORY","CORE","0","15","f_tenant_id","nvarchar","Y","system","common;system;visualdev","Y","system","DB/ZXAFINIT.sql"
"base_permission_group","ENTER","P0_PLATFORM_CORE","MANDATORY","CORE","5","16","F_Tenant_Id","nvarchar","Y","","common;system;visualdev","Y","system","DB/ZXAFINIT.sql"
"base_portal","ENTER","P0_PLATFORM_CORE","MANDATORY","CORE","2","24","f_tenant_id","nvarchar","Y","system","system","Y","visualdev","DB/ZXAFINIT.sql"
"base_portal_data","ENTER","P0_PLATFORM_CORE","MANDATORY","CORE","9","16","f_tenant_id","nvarchar","Y","visualdev","visualdev","Y","visualdev","DB/ZXAFINIT.sql"
"base_portal_manage","ENTER","P0_PLATFORM_CORE","MANDATORY","CORE","2","16","f_tenant_id","nvarchar","Y","","system;visualdev","Y","system","DB/ZXAFINIT.sql"
"base_position","ENTER","P0_PLATFORM_CORE","MANDATORY","CORE","2","18","f_tenant_id","nvarchar","Y","system","common;engine;system;visualdev","Y","system","DB/ZXAFINIT.sql"
"base_print_log","ENTER","P0_PLATFORM_CORE","MANDATORY","CORE","21","14","f_tenant_id","nvarchar","Y","","","Y","system","DB/ZXAFINIT.sql"
"base_print_template","ENTER","P0_PLATFORM_CORE","MANDATORY","CORE","5","25","f_tenant_id","nvarchar","Y","","","Y","system","DB/ZXAFINIT.sql"
"base_province","ENTER","P0_PLATFORM_CORE","MANDATORY","CORE","47512","18","f_tenant_id","nvarchar","Y","","common;engine;extend;visualdev","Y","system","DB/ZXAFINIT.sql"
"base_province_atlas","ENTER","P0_PLATFORM_CORE","MANDATORY","CORE","3210","20","f_tenant_id","nvarchar","Y","","","Y","system","DB/ZXAFINIT.sql"
"BASE_REPORT","ENTER","P0_PLATFORM_CORE","MANDATORY","CORE","5","14","NONE","nvarchar","Y","report","","Y","report","backend/modularity/report/init_report.sql"
"base_role","ENTER","P0_PLATFORM_CORE","MANDATORY","CORE","9","18","f_tenant_id","nvarchar","Y","system","common;engine;inteAssistant;oauth;system;visualdev","Y","system","DB/ZXAFINIT.sql"
"BASE_SANDBOX","ENTER","P0_PLATFORM_CORE","MANDATORY","CORE","0","22","F_TenantId","bigint","N","","inteAssistant","Y","system","backend/sql/V5.2_002_sprint1_5_patch.sql"
"base_schedule","ENTER","P0_PLATFORM_CORE","MANDATORY","CORE","0","33","f_tenant_id","nvarchar","Y","system","system","Y","system","DB/ZXAFINIT.sql"
"base_schedule_log","ENTER","P0_PLATFORM_CORE","MANDATORY","CORE","0","35","f_tenant_id","nvarchar","Y","system","","Y","system","DB/ZXAFINIT.sql"
"base_schedule_user","ENTER","P0_PLATFORM_CORE","MANDATORY","CORE","0","16","f_tenant_id","nvarchar","Y","system","system","Y","system","DB/ZXAFINIT.sql"
"base_sign_img","ENTER","P0_PLATFORM_CORE","MANDATORY","CORE","0","15","f_tenant_id","nvarchar","Y","system","system","Y","system","DB/ZXAFINIT.sql"
"base_signature","ENTER","P0_PLATFORM_CORE","MANDATORY","CORE","0","16","f_tenant_id","NONE","Y","","","Y","system","DB/ZXAFINIT.sql"
"base_signature_user","ENTER","P0_PLATFORM_CORE","MANDATORY","CORE","0","15","f_tenant_id","NONE","Y","system","","Y","system","DB/ZXAFINIT.sql"
"base_socials_users","ENTER","P0_PLATFORM_CORE","MANDATORY","CORE","0","15","f_tenant_id","nvarchar","Y","","message;oauth","Y","system","DB/ZXAFINIT.sql"
"BASE_STUDIO_MENU","ENTER","P0_PLATFORM_CORE","MANDATORY","CORE","54","19","NONE","bigint","Y","","inteAssistant","Y","inteAssistant","DB/ZXAFINIT.sql"
"BASE_STUDIO_MENU_BAK_20260617","FREEZE","P6_LEGACY","LEGACY","LEGACY","54","19","NONE","NONE","N","","","","system","DB/ZXAFINIT.sql"
"base_syn_third_info","ENTER","P0_PLATFORM_CORE","MANDATORY","CORE","0","17","f_tenant_id","nvarchar","Y","","message","Y","system","DB/ZXAFINIT.sql"
"base_sys_config","ENTER","P0_PLATFORM_CORE","MANDATORY","CORE","74","17","f_tenant_id","nvarchar","Y","","app;common;oauth;system","Y","system","DB/ZXAFINIT.sql"
"base_sys_log","ENTER","P0_PLATFORM_CORE","MANDATORY","CORE","12615","32","f_tenant_id","nvarchar","Y","","system","Y","system","DB/ZXAFINIT.sql"
"base_system","ENTER","P0_PLATFORM_CORE","MANDATORY","CORE","7","23","f_tenant_id","nvarchar","Y","","common;oauth;system;visualdev;zxdev","Y","system","DB/ZXAFINIT.sql"
"BASE_TENANT_GLOSSARY","FREEZE","PX_UNKNOWN","UNKNOWN","UNKNOWN","0","13","F_TenantId","bigint","N","","","","system","DB/ZXAFINIT.sql"
"BASE_TENANT_INDUSTRY","FREEZE","PX_UNKNOWN","UNKNOWN","UNKNOWN","0","12","F_TenantId","bigint","N","","","","system","DB/ZXAFINIT.sql"
"base_time_task","ENTER","P0_PLATFORM_CORE","MANDATORY","CORE","0","21","f_tenant_id","nvarchar","Y","","","Y","taskscheduler","DB/ZXAFINIT.sql"
"base_time_task_log","ENTER","P0_PLATFORM_CORE","MANDATORY","CORE","22","16","f_tenant_id","nvarchar","Y","","taskscheduler","Y","taskscheduler","DB/ZXAFINIT.sql"
"base_user","ENTER","P0_PLATFORM_CORE","MANDATORY","CORE","45","68","f_tenant_id","nvarchar","Y","common;oauth;system;visualdev","common;engine;extend;inteAssistant;message;oauth;report;system;visualdev;workflow","Y","system","DB/ZXAFINIT.sql"
"base_user_device","ENTER","P0_PLATFORM_CORE","MANDATORY","CORE","0","14","f_tenant_id","nvarchar","Y","","common","","message","DB/ZXAFINIT.sql"
"base_user_old_password","ENTER","P0_PLATFORM_CORE","MANDATORY","CORE","0","15","f_tenant_id","nvarchar","Y","","system","Y","system","DB/ZXAFINIT.sql"
"base_user_relation","ENTER","P0_PLATFORM_CORE","MANDATORY","CORE","82","15","f_tenant_id","nvarchar","Y","","common;inteAssistant;system;visualdev;workflow","Y","system","DB/ZXAFINIT.sql"
"base_visual_dev","ENTER","P1_LOWCODE_RUNTIME","MANDATORY","RUNTIME","48","30","f_tenant_id","nvarchar","Y","visualdev","common;system;visualdev;workflow","Y","visualdev","DB/ZXAFINIT.sql"
"base_visual_filter","FREEZE","P7_ORPHAN","ORPHAN","LEGACY","0","14","f_tenant_id","nvarchar","N","","","","system","DB/ZXAFINIT.sql"
"base_visual_link","ENTER","P1_LOWCODE_RUNTIME","MANDATORY","RUNTIME","0","26","f_tenant_id","nvarchar","Y","","","Y","visualdev","DB/ZXAFINIT.sql"
"base_visual_release","ENTER","P1_LOWCODE_RUNTIME","MANDATORY","RUNTIME","25","29","f_tenant_id","nvarchar","Y","","engine;visualdev","Y","visualdev","DB/ZXAFINIT.sql"
"blade_visual","ENTER","P1_LOWCODE_RUNTIME","MANDATORY","RUNTIME","77","14","f_tenant_id","nvarchar","Y","","","Y","visualdata","DB/ZXAFINIT.sql"
"blade_visual_category","ENTER","P1_LOWCODE_RUNTIME","MANDATORY","RUNTIME","2","6","f_tenant_id","nvarchar","Y","","visualdata","Y","visualdata","DB/ZXAFINIT.sql"
"blade_visual_component","ENTER","P1_LOWCODE_RUNTIME","MANDATORY","RUNTIME","42","7","f_tenant_id","bigint","Y","","","Y","visualdata","DB/ZXAFINIT.sql"
"blade_visual_config","ENTER","P1_LOWCODE_RUNTIME","MANDATORY","RUNTIME","77","6","f_tenant_id","nvarchar","Y","","visualdata","Y","visualdata","DB/ZXAFINIT.sql"
"blade_visual_db","ENTER","P1_LOWCODE_RUNTIME","MANDATORY","RUNTIME","4","16","f_tenant_id","nvarchar","Y","","","Y","visualdata","DB/ZXAFINIT.sql"
"blade_visual_glob","ENTER","P1_LOWCODE_RUNTIME","MANDATORY","RUNTIME","0","6","f_tenant_id","NONE","Y","","","Y","visualdata","DB/ZXAFINIT.sql"
"blade_visual_map","ENTER","P1_LOWCODE_RUNTIME","MANDATORY","RUNTIME","3","5","f_tenant_id","nvarchar","Y","","","Y","visualdata","DB/ZXAFINIT.sql"
"blade_visual_record","ENTER","P1_LOWCODE_RUNTIME","MANDATORY","RUNTIME","3","19","f_tenant_id","nvarchar","Y","","","Y","visualdata","DB/ZXAFINIT.sql"
"data_report","FREEZE","PX_UNKNOWN","UNKNOWN","UNKNOWN","15","16","f_tenant_id","nvarchar","N","","","","","DB/ZXAFINIT.sql"
"Demo_ExcelTest","FREEZE","P3_DEMO_APPLICATION","DEMO","PRODUCT_CONTENT","3","14","NONE","varchar","N","","","","","DB/ZXAFINIT.sql"
"Demo_Order","FREEZE","P3_DEMO_APPLICATION","DEMO","PRODUCT_CONTENT","151","15","NONE","varchar","N","","","","","DB/ZXAFINIT.sql"
"Demo_OrderDetail","FREEZE","P3_DEMO_APPLICATION","DEMO","PRODUCT_CONTENT","60","9","NONE","varchar","N","","","","","DB/ZXAFINIT.sql"
"domain_model","FREEZE","P6_LEGACY","LEGACY","LEGACY","0","15","NONE","bigint","N","","","","","DB/ZXAFINIT.sql"
"EVAL_METRIC","ENTER","P0_PLATFORM_CORE","MANDATORY","CORE","0","13","F_TENANT_ID","bigint","Y","","","","inteAssistant","DB/ZXAFINIT.sql"
"ext_big_data","FREEZE","P3_DEMO_APPLICATION","DEMO","PRODUCT_CONTENT","0","12","f_tenant_id","nvarchar","Y","","","Y","extend","DB/ZXAFINIT.sql"
"ext_customer","FREEZE","P3_DEMO_APPLICATION","DEMO","PRODUCT_CONTENT","7","16","f_tenant_id","nvarchar","Y","","","Y","extend","DB/ZXAFINIT.sql"
"ext_document","FREEZE","P3_DEMO_APPLICATION","DEMO","PRODUCT_CONTENT","4","22","f_tenant_id","nvarchar","Y","extend","","Y","extend","DB/ZXAFINIT.sql"
"ext_document_share","FREEZE","P3_DEMO_APPLICATION","DEMO","PRODUCT_CONTENT","0","13","f_tenant_id","nvarchar","Y","extend","extend","Y","extend","DB/ZXAFINIT.sql"
"ext_email_config","FREEZE","P3_DEMO_APPLICATION","DEMO","PRODUCT_CONTENT","1","21","f_tenant_id","nvarchar","Y","","extend","Y","extend","DB/ZXAFINIT.sql"
"ext_email_receive","FREEZE","P3_DEMO_APPLICATION","DEMO","PRODUCT_CONTENT","0","23","f_tenant_id","nvarchar","Y","extend","extend","Y","extend","DB/ZXAFINIT.sql"
"ext_email_send","FREEZE","P3_DEMO_APPLICATION","DEMO","PRODUCT_CONTENT","0","22","f_tenant_id","nvarchar","Y","","extend","Y","extend","DB/ZXAFINIT.sql"
"ext_employee","FREEZE","P3_DEMO_APPLICATION","DEMO","PRODUCT_CONTENT","0","26","f_tenant_id","nvarchar","Y","","","Y","extend","DB/ZXAFINIT.sql"
"ext_order","FREEZE","P3_DEMO_APPLICATION","DEMO","PRODUCT_CONTENT","9","30","f_tenant_id","nvarchar","Y","","","Y","extend","DB/ZXAFINIT.sql"
"ext_order_entry","FREEZE","P3_DEMO_APPLICATION","DEMO","PRODUCT_CONTENT","6","24","f_tenant_id","nvarchar","Y","extend","extend","Y","extend","DB/ZXAFINIT.sql"
"ext_order_receivable","FREEZE","P3_DEMO_APPLICATION","DEMO","PRODUCT_CONTENT","1","19","f_tenant_id","nvarchar","Y","extend","extend","Y","extend","DB/ZXAFINIT.sql"
"ext_product","FREEZE","P3_DEMO_APPLICATION","DEMO","PRODUCT_CONTENT","3","38","f_tenant_id","nvarchar","Y","","","Y","extend","DB/ZXAFINIT.sql"
"ext_product_classify","FREEZE","P3_DEMO_APPLICATION","DEMO","PRODUCT_CONTENT","6","12","f_tenant_id","nvarchar","Y","","","Y","extend","DB/ZXAFINIT.sql"
"ext_product_entry","FREEZE","P3_DEMO_APPLICATION","DEMO","PRODUCT_CONTENT","12","23","f_tenant_id","nvarchar","Y","extend","extend","Y","extend","DB/ZXAFINIT.sql"
"ext_product_goods","FREEZE","P3_DEMO_APPLICATION","DEMO","PRODUCT_CONTENT","10","18","f_tenant_id","nvarchar","Y","","","Y","extend","DB/ZXAFINIT.sql"
"ext_project_gantt","FREEZE","P3_DEMO_APPLICATION","DEMO","PRODUCT_CONTENT","0","24","f_tenant_id","nvarchar","Y","","","Y","extend","DB/ZXAFINIT.sql"
"ext_table_example","FREEZE","P3_DEMO_APPLICATION","DEMO","PRODUCT_CONTENT","33","28","f_tenant_id","nvarchar","Y","","","Y","extend","DB/ZXAFINIT.sql"
"ext_work_log","FREEZE","P3_DEMO_APPLICATION","DEMO","PRODUCT_CONTENT","0","17","f_tenant_id","nvarchar","Y","","","Y","extend","DB/ZXAFINIT.sql"
"ext_work_log_share","FREEZE","P3_DEMO_APPLICATION","DEMO","PRODUCT_CONTENT","0","13","f_tenant_id","nvarchar","Y","extend","","Y","extend","DB/ZXAFINIT.sql"
"flow_candidates","ENTER","P0_PLATFORM_CORE","MANDATORY","CORE","0","18","f_tenant_id","nvarchar","Y","workflow","","Y","workflow","DB/ZXAFINIT.sql"
"flow_comment","ENTER","P0_PLATFORM_CORE","MANDATORY","CORE","0","16","f_tenant_id","nvarchar","Y","workflow","","Y","workflow","DB/ZXAFINIT.sql"
"flow_delegate","ENTER","P0_PLATFORM_CORE","MANDATORY","CORE","0","23","f_tenant_id","nvarchar","Y","","visualdev;workflow","Y","workflow","DB/ZXAFINIT.sql"
"flow_event_log","ENTER","P0_PLATFORM_CORE","MANDATORY","CORE","24","15","f_tenant_id","nvarchar","Y","","workflow","Y","workflow","DB/ZXAFINIT.sql"
"flow_form","ENTER","P0_PLATFORM_CORE","MANDATORY","CORE","4","27","f_tenant_id","nvarchar","Y","visualdev;workflow","visualdev;workflow","Y","workflow","DB/ZXAFINIT.sql"
"flow_form_authorize","ENTER","P0_PLATFORM_CORE","MANDATORY","CORE","0","14","f_tenant_id","NONE","Y","workflow","workflow","Y","workflow","DB/ZXAFINIT.sql"
"flow_form_relation","ENTER","P0_PLATFORM_CORE","MANDATORY","CORE","1","13","f_tenant_id","nvarchar","Y","visualdev;workflow","workflow","Y","workflow","DB/ZXAFINIT.sql"
"flow_launch_user","ENTER","P0_PLATFORM_CORE","MANDATORY","CORE","16","18","f_tenant_id","nvarchar","Y","","workflow","Y","workflow","DB/ZXAFINIT.sql"
"flow_reject_data","ENTER","P0_PLATFORM_CORE","MANDATORY","CORE","0","14","f_tenant_id","nvarchar","Y","","workflow","Y","workflow","DB/ZXAFINIT.sql"
"flow_task","ENTER","P0_PLATFORM_CORE","MANDATORY","CORE","16","41","f_tenant_id","nvarchar","Y","","engine;extend;system;visualdev;workflow","Y","workflow","DB/ZXAFINIT.sql"
"flow_task_circulate","ENTER","P0_PLATFORM_CORE","MANDATORY","CORE","0","17","f_tenant_id","nvarchar","Y","workflow","","Y","workflow","DB/ZXAFINIT.sql"
"flow_task_node","ENTER","P0_PLATFORM_CORE","MANDATORY","CORE","45","24","f_tenant_id","nvarchar","Y","workflow","workflow","Y","workflow","DB/ZXAFINIT.sql"
"flow_task_operator","ENTER","P0_PLATFORM_CORE","MANDATORY","CORE","555","28","f_tenant_id","nvarchar","Y","workflow","workflow","Y","workflow","DB/ZXAFINIT.sql"
"flow_task_operator_record","ENTER","P0_PLATFORM_CORE","MANDATORY","CORE","15","26","f_tenant_id","nvarchar","Y","workflow","system;workflow","Y","workflow","DB/ZXAFINIT.sql"
"flow_task_operator_user","ENTER","P0_PLATFORM_CORE","MANDATORY","CORE","0","28","f_tenant_id","nvarchar","Y","workflow","workflow","Y","workflow","DB/ZXAFINIT.sql"
"flow_template","ENTER","P0_PLATFORM_CORE","MANDATORY","CORE","6","19","f_tenant_id","nvarchar","Y","visualdev;workflow","app;visualdev;workflow","Y","workflow","DB/ZXAFINIT.sql"
"flow_template_json","ENTER","P0_PLATFORM_CORE","MANDATORY","CORE","3","19","f_tenant_id","nvarchar","Y","visualdev;workflow","app;message;visualdev;workflow","Y","workflow","DB/ZXAFINIT.sql"
"flow_visible","ENTER","P0_PLATFORM_CORE","MANDATORY","CORE","41","15","f_tenant_id","nvarchar","Y","workflow","workflow","Y","workflow","DB/ZXAFINIT.sql"
"inte_assistant_attachment","ENTER","P0_PLATFORM_CORE","MANDATORY","CORE","55","18","F_TenantId","nvarchar","Y","inteAssistant","inteAssistant","Y","inteAssistant","docs/AI鍘熺敓寮€鍙?1銆佸鐢ㄦ埛澶氫换鍔″苟琛?inte_assistant_attachment.sql"
"inte_assistant_deliverable","ENTER","P0_PLATFORM_CORE","MANDATORY","CORE","269","11","F_TenantId","nvarchar","Y","inteAssistant","inteAssistant","Y","inteAssistant","backend/modularity/inteAssistant/Migrations/20260705_SA_deliverable.sql"
"kg_pattern","FREEZE","P6_LEGACY","LEGACY","LEGACY","0","18","NONE","bigint","N","","","","inteAssistant","DB/ZXAFINIT.sql"
"kg_pattern_usage","FREEZE","P6_LEGACY","LEGACY","LEGACY","0","6","NONE","bigint","N","","","","inteAssistant","DB/ZXAFINIT.sql"
"mt543406707183714245","FREEZE","P4_CUSTOMER_APPLICATION","CUSTOMER_GENERATED","EXTERNAL","2","7","NONE","nvarchar","N","","","","","DB/ZXAFINIT.sql"
"mt543408365615710149","FREEZE","P4_CUSTOMER_APPLICATION","CUSTOMER_GENERATED","EXTERNAL","64","7","NONE","nvarchar","N","","","","","DB/ZXAFINIT.sql"
"mt543552698159464389","FREEZE","P4_CUSTOMER_APPLICATION","CUSTOMER_GENERATED","EXTERNAL","32","7","NONE","nvarchar","N","","","","","DB/ZXAFINIT.sql"
"mt543668771097673669","FREEZE","P4_CUSTOMER_APPLICATION","CUSTOMER_GENERATED","EXTERNAL","2","7","NONE","nvarchar","N","","","","","DB/ZXAFINIT.sql"
"mt543971603646513093","FREEZE","P4_CUSTOMER_APPLICATION","CUSTOMER_GENERATED","EXTERNAL","0","3","NONE","nvarchar","N","","","","","DB/ZXAFINIT.sql"
"PROCESSED_EVENT","FREEZE","P6_LEGACY","LEGACY","LEGACY","0","3","NONE","nvarchar","N","","","","infrastructure","backend/tools/JNPF.Database.Migrations/Scripts/002_create_processed_event_table.sql"
"report_charts","FREEZE","PX_UNKNOWN","UNKNOWN","UNKNOWN","21","16","f_tenant_id","nvarchar","N","","","","","DB/ZXAFINIT.sql"
"report_department","FREEZE","PX_UNKNOWN","UNKNOWN","UNKNOWN","12","5","f_tenant_id","nvarchar","N","","","","","DB/ZXAFINIT.sql"
"report_user","FREEZE","PX_UNKNOWN","UNKNOWN","UNKNOWN","283","10","f_tenant_id","nvarchar","N","","","","","DB/ZXAFINIT.sql"
"sa_assumptions","ENTER","P0_PLATFORM_CORE","MANDATORY","CORE","14","12","F_TenantId","nvarchar","N","","inteAssistant","Y","inteAssistant","backend/modularity/inteAssistant/Migrations/20260708_P9_ReqA.sql"
"sa_business_process","ENTER","P0_PLATFORM_CORE","MANDATORY","CORE","19","30","tenant_id","bigint","N","inteAssistant","","Y","inteAssistant","DB/ZXAFINIT.sql"
"sa_consistency","ENTER","P0_PLATFORM_CORE","MANDATORY","CORE","15","11","F_TenantId","nvarchar","N","","inteAssistant;other","Y","inteAssistant","backend/modularity/inteAssistant/Migrations/20260708_P9_ReqA.sql"
"sa_data_dictionary","ENTER","P0_PLATFORM_CORE","MANDATORY","CORE","19","35","tenant_id","bigint","N","inteAssistant","","Y","inteAssistant","DB/ZXAFINIT.sql"
"sa_decision_table","ENTER","P0_PLATFORM_CORE","MANDATORY","CORE","172","30","tenant_id","bigint","N","inteAssistant","","Y","inteAssistant","DB/ZXAFINIT.sql"
"sa_dfd","ENTER","P0_PLATFORM_CORE","MANDATORY","CORE","19","31","tenant_id","bigint","N","inteAssistant","inteAssistant","Y","inteAssistant","DB/ZXAFINIT.sql"
"sa_er","ENTER","P0_PLATFORM_CORE","MANDATORY","CORE","19","29","tenant_id","bigint","N","inteAssistant","","Y","inteAssistant","DB/ZXAFINIT.sql"
"sa_pspec","ENTER","P0_PLATFORM_CORE","MANDATORY","CORE","172","25","tenant_id","bigint","N","inteAssistant","","Y","inteAssistant","DB/ZXAFINIT.sql"
"sa_quality_score","ENTER","P0_PLATFORM_CORE","MANDATORY","CORE","14","12","F_TenantId","nvarchar","N","","inteAssistant","Y","inteAssistant","backend/modularity/inteAssistant/Migrations/20260708_P9_ReqA.sql"
"sa_scope","ENTER","P0_PLATFORM_CORE","MANDATORY","CORE","19","25","tenant_id","bigint","N","inteAssistant","","Y","inteAssistant","DB/ZXAFINIT.sql"
"sa_state_machine","ENTER","P0_PLATFORM_CORE","MANDATORY","CORE","19","30","tenant_id","bigint","N","inteAssistant","inteAssistant","Y","inteAssistant","DB/ZXAFINIT.sql"
"sa_ui","ENTER","P0_PLATFORM_CORE","MANDATORY","CORE","210","28","tenant_id","bigint","N","inteAssistant","","Y","inteAssistant","DB/ZXAFINIT.sql"
"sa_validation_log","ENTER","P0_PLATFORM_CORE","MANDATORY","CORE","0","13","tenant_id","bigint","N","","","","inteAssistant","DB/ZXAFINIT.sql"
"SchemaVersions","ENTER","P0_PLATFORM_CORE","MANDATORY","CORE","2","3","NONE","int","N","","","","infrastructure","backend/tools/JNPF.Database.Migrations/Program.cs"
"student","FREEZE","P6_LEGACY","LEGACY","LEGACY","4","7","NONE","nvarchar","N","","","","","DB/ZXAFINIT.sql"
"SYS_EVENT_OUTBOX_MESSAGE","ENTER","P0_PLATFORM_CORE","MANDATORY","CORE","0","9","NONE","uniqueidentifier","Y","infrastructure","infrastructure;JNPF.API.Entry","Y","infrastructure","backend/tools/JNPF.Database.Migrations/Scripts/001_create_outbox_table.sql"
"SYS_PROCESSED_EVENT","ENTER","P0_PLATFORM_CORE","MANDATORY","CORE","0","3","NONE","nvarchar","Y","infrastructure","infrastructure","","infrastructure","DB/ZXAFINIT.sql"
"undo_log","ENTER","P0_PLATFORM_CORE","MANDATORY","CORE","0","10","f_tenant_id","bigint","N","","","","infrastructure","backend/web/主库脚本.sql"
"wform_applybanquet","FREEZE","P2_PRODUCT_TEMPLATE","TEMPLATE","PRODUCT_CONTENT","1","16","f_tenant_id","nvarchar","N","","","","workflow","DB/ZXAFINIT.sql"
"wform_applydelivergoods","FREEZE","P2_PRODUCT_TEMPLATE","TEMPLATE","PRODUCT_CONTENT","0","20","f_tenant_id","nvarchar","N","","","","workflow","DB/ZXAFINIT.sql"
"wform_applydelivergoodsentry","FREEZE","P2_PRODUCT_TEMPLATE","TEMPLATE","PRODUCT_CONTENT","0","11","f_tenant_id","nvarchar","N","","","","workflow","DB/ZXAFINIT.sql"
"wform_applymeeting","FREEZE","P2_PRODUCT_TEMPLATE","TEMPLATE","PRODUCT_CONTENT","0","25","f_tenant_id","nvarchar","N","","","","workflow","DB/ZXAFINIT.sql"
"wform_archivalborrow","FREEZE","P2_PRODUCT_TEMPLATE","TEMPLATE","PRODUCT_CONTENT","2","18","f_tenant_id","nvarchar","N","","","","workflow","DB/ZXAFINIT.sql"
"wform_articleswarehous","FREEZE","P2_PRODUCT_TEMPLATE","TEMPLATE","PRODUCT_CONTENT","0","16","f_tenant_id","nvarchar","N","","","","workflow","DB/ZXAFINIT.sql"
"wform_batchpack","FREEZE","P2_PRODUCT_TEMPLATE","TEMPLATE","PRODUCT_CONTENT","0","18","f_tenant_id","nvarchar","N","","","","workflow","DB/ZXAFINIT.sql"
"wform_batchtable","FREEZE","P2_PRODUCT_TEMPLATE","TEMPLATE","PRODUCT_CONTENT","0","16","f_tenant_id","nvarchar","N","","","","workflow","DB/ZXAFINIT.sql"
"wform_conbilling","FREEZE","P2_PRODUCT_TEMPLATE","TEMPLATE","PRODUCT_CONTENT","0","20","f_tenant_id","nvarchar","N","","","","workflow","DB/ZXAFINIT.sql"
"wform_contractapproval","FREEZE","P2_PRODUCT_TEMPLATE","TEMPLATE","PRODUCT_CONTENT","0","26","f_tenant_id","nvarchar","N","","","","workflow","DB/ZXAFINIT.sql"
"wform_contractapprovalsheet","FREEZE","P2_PRODUCT_TEMPLATE","TEMPLATE","PRODUCT_CONTENT","0","27","f_tenant_id","nvarchar","N","","","","workflow","DB/ZXAFINIT.sql"
"wform_debitbill","FREEZE","P2_PRODUCT_TEMPLATE","TEMPLATE","PRODUCT_CONTENT","0","19","f_tenant_id","nvarchar","N","","","","workflow","DB/ZXAFINIT.sql"
"wform_documentapproval","FREEZE","P2_PRODUCT_TEMPLATE","TEMPLATE","PRODUCT_CONTENT","0","15","f_tenant_id","nvarchar","N","","","","workflow","DB/ZXAFINIT.sql"
"wform_documentsigning","FREEZE","P2_PRODUCT_TEMPLATE","TEMPLATE","PRODUCT_CONTENT","0","17","f_tenant_id","nvarchar","N","","","","workflow","DB/ZXAFINIT.sql"
"wform_expenseexpenditure","FREEZE","P2_PRODUCT_TEMPLATE","TEMPLATE","PRODUCT_CONTENT","0","19","f_tenant_id","nvarchar","N","","","","workflow","DB/ZXAFINIT.sql"
"wform_finishedproduct","FREEZE","P2_PRODUCT_TEMPLATE","TEMPLATE","PRODUCT_CONTENT","0","11","f_tenant_id","nvarchar","N","","","","workflow","DB/ZXAFINIT.sql"
"wform_finishedproductentry","FREEZE","P2_PRODUCT_TEMPLATE","TEMPLATE","PRODUCT_CONTENT","0","11","f_tenant_id","nvarchar","N","","","","workflow","DB/ZXAFINIT.sql"
"wform_incomerecognition","FREEZE","P2_PRODUCT_TEMPLATE","TEMPLATE","PRODUCT_CONTENT","0","20","f_tenant_id","nvarchar","N","","","","workflow","DB/ZXAFINIT.sql"
"wform_leaveapply","FREEZE","P3_DEMO_APPLICATION","DEMO","PRODUCT_CONTENT","0","18","f_tenant_id","nvarchar","Y","","","Y","workflow","DB/ZXAFINIT.sql"
"wform_letterservice","FREEZE","P2_PRODUCT_TEMPLATE","TEMPLATE","PRODUCT_CONTENT","0","15","f_tenant_id","nvarchar","N","","","","workflow","DB/ZXAFINIT.sql"
"wform_materialrequisition","FREEZE","P2_PRODUCT_TEMPLATE","TEMPLATE","PRODUCT_CONTENT","0","12","f_tenant_id","nvarchar","N","","","","workflow","DB/ZXAFINIT.sql"
"wform_materialrequisitionentry","FREEZE","P2_PRODUCT_TEMPLATE","TEMPLATE","PRODUCT_CONTENT","0","12","f_tenant_id","nvarchar","N","","","","workflow","DB/ZXAFINIT.sql"
"wform_monthlyreport","FREEZE","P2_PRODUCT_TEMPLATE","TEMPLATE","PRODUCT_CONTENT","0","17","f_tenant_id","nvarchar","N","","","","workflow","DB/ZXAFINIT.sql"
"wform_officesupplies","FREEZE","P2_PRODUCT_TEMPLATE","TEMPLATE","PRODUCT_CONTENT","0","16","f_tenant_id","nvarchar","N","","","","workflow","DB/ZXAFINIT.sql"
"wform_outboundorder","FREEZE","P2_PRODUCT_TEMPLATE","TEMPLATE","PRODUCT_CONTENT","0","14","f_tenant_id","nvarchar","N","","","","workflow","DB/ZXAFINIT.sql"
"wform_outboundorderentry","FREEZE","P2_PRODUCT_TEMPLATE","TEMPLATE","PRODUCT_CONTENT","0","11","f_tenant_id","nvarchar","N","","","","workflow","DB/ZXAFINIT.sql"
"wform_outgoingapply","FREEZE","P2_PRODUCT_TEMPLATE","TEMPLATE","PRODUCT_CONTENT","0","16","f_tenant_id","nvarchar","N","","","","workflow","DB/ZXAFINIT.sql"
"wform_paydistribution","FREEZE","P2_PRODUCT_TEMPLATE","TEMPLATE","PRODUCT_CONTENT","0","21","f_tenant_id","nvarchar","N","","","","workflow","DB/ZXAFINIT.sql"
"wform_paymentapply","FREEZE","P2_PRODUCT_TEMPLATE","TEMPLATE","PRODUCT_CONTENT","0","22","f_tenant_id","nvarchar","N","","","","workflow","DB/ZXAFINIT.sql"
"wform_postbatchtab","FREEZE","P2_PRODUCT_TEMPLATE","TEMPLATE","PRODUCT_CONTENT","0","15","f_tenant_id","nvarchar","N","","","","workflow","DB/ZXAFINIT.sql"
"wform_procurementmaterial","FREEZE","P2_PRODUCT_TEMPLATE","TEMPLATE","PRODUCT_CONTENT","0","17","f_tenant_id","nvarchar","N","","","","workflow","DB/ZXAFINIT.sql"
"wform_procurementmaterialentry","FREEZE","P2_PRODUCT_TEMPLATE","TEMPLATE","PRODUCT_CONTENT","0","11","f_tenant_id","nvarchar","N","","","","workflow","DB/ZXAFINIT.sql"
"wform_purchaselist","FREEZE","P2_PRODUCT_TEMPLATE","TEMPLATE","PRODUCT_CONTENT","0","18","f_tenant_id","nvarchar","N","","","","workflow","DB/ZXAFINIT.sql"
"wform_purchaselistentry","FREEZE","P2_PRODUCT_TEMPLATE","TEMPLATE","PRODUCT_CONTENT","0","11","f_tenant_id","nvarchar","N","","","","workflow","DB/ZXAFINIT.sql"
"wform_quotationapproval","FREEZE","P2_PRODUCT_TEMPLATE","TEMPLATE","PRODUCT_CONTENT","0","16","f_tenant_id","nvarchar","N","","","","workflow","DB/ZXAFINIT.sql"
"wform_receiptprocessing","FREEZE","P2_PRODUCT_TEMPLATE","TEMPLATE","PRODUCT_CONTENT","0","12","f_tenant_id","nvarchar","N","","","","workflow","DB/ZXAFINIT.sql"
"wform_receiptsign","FREEZE","P2_PRODUCT_TEMPLATE","TEMPLATE","PRODUCT_CONTENT","0","13","f_tenant_id","nvarchar","N","","","","workflow","DB/ZXAFINIT.sql"
"wform_rewardpunishment","FREEZE","P2_PRODUCT_TEMPLATE","TEMPLATE","PRODUCT_CONTENT","0","13","f_tenant_id","nvarchar","N","","","","workflow","DB/ZXAFINIT.sql"
"wform_salesorder","FREEZE","P3_DEMO_APPLICATION","DEMO","PRODUCT_CONTENT","1","19","f_tenant_id","nvarchar","Y","","","Y","workflow","DB/ZXAFINIT.sql"
"wform_salesorderentry","FREEZE","P3_DEMO_APPLICATION","DEMO","PRODUCT_CONTENT","1","11","f_tenant_id","nvarchar","Y","workflow","workflow","Y","workflow","DB/ZXAFINIT.sql"
"wform_salessupport","FREEZE","P2_PRODUCT_TEMPLATE","TEMPLATE","PRODUCT_CONTENT","0","24","f_tenant_id","nvarchar","N","","","","workflow","DB/ZXAFINIT.sql"
"wform_staffovertime","FREEZE","P2_PRODUCT_TEMPLATE","TEMPLATE","PRODUCT_CONTENT","0","15","f_tenant_id","nvarchar","N","","","","workflow","DB/ZXAFINIT.sql"
"wform_supplementcard","FREEZE","P2_PRODUCT_TEMPLATE","TEMPLATE","PRODUCT_CONTENT","0","16","f_tenant_id","nvarchar","N","","","","workflow","DB/ZXAFINIT.sql"
"wform_travelapply","FREEZE","P2_PRODUCT_TEMPLATE","TEMPLATE","PRODUCT_CONTENT","0","17","f_tenant_id","nvarchar","N","","","","workflow","DB/ZXAFINIT.sql"
"wform_travelreimbursement","FREEZE","P2_PRODUCT_TEMPLATE","TEMPLATE","PRODUCT_CONTENT","0","34","f_tenant_id","nvarchar","N","","","","workflow","DB/ZXAFINIT.sql"
"wform_vehicleapply","FREEZE","P2_PRODUCT_TEMPLATE","TEMPLATE","PRODUCT_CONTENT","0","17","f_tenant_id","nvarchar","N","","","","workflow","DB/ZXAFINIT.sql"
"wform_violationhandling","FREEZE","P2_PRODUCT_TEMPLATE","TEMPLATE","PRODUCT_CONTENT","0","18","f_tenant_id","nvarchar","N","","","","workflow","DB/ZXAFINIT.sql"
"wform_warehousereceipt","FREEZE","P2_PRODUCT_TEMPLATE","TEMPLATE","PRODUCT_CONTENT","0","15","f_tenant_id","nvarchar","N","","","","workflow","DB/ZXAFINIT.sql"
"wform_warehousereceiptentry","FREEZE","P2_PRODUCT_TEMPLATE","TEMPLATE","PRODUCT_CONTENT","0","11","f_tenant_id","nvarchar","N","","","","workflow","DB/ZXAFINIT.sql"
"wform_workcontactsheet","FREEZE","P2_PRODUCT_TEMPLATE","TEMPLATE","PRODUCT_CONTENT","0","15","f_tenant_id","nvarchar","N","","","","workflow","DB/ZXAFINIT.sql"
"wform_zjf_wikxqi","FREEZE","P2_PRODUCT_TEMPLATE","TEMPLATE","PRODUCT_CONTENT","0","3","f_tenant_id","nvarchar","N","","","","workflow","DB/ZXAFINIT.sql"
"WH_BasicData","FREEZE","P6_LEGACY","LEGACY","LEGACY","208","3","NONE","int","N","","","","","DB/ZXAFINIT.sql"
"WH_Bill","FREEZE","P6_LEGACY","LEGACY","LEGACY","2","16","NONE","varchar","N","","","","","DB/ZXAFINIT.sql"
"WH_BillAutoID","FREEZE","P6_LEGACY","LEGACY","LEGACY","4","3","NONE","int","N","","","","","DB/ZXAFINIT.sql"
"WH_BillDetail","FREEZE","P6_LEGACY","LEGACY","LEGACY","4","15","NONE","int","N","","","","","DB/ZXAFINIT.sql"
"WH_CheckBillDetail","FREEZE","P6_LEGACY","LEGACY","LEGACY","19","12","NONE","int","N","","","","","DB/ZXAFINIT.sql"
"WH_Customer","FREEZE","P6_LEGACY","LEGACY","LEGACY","1","13","NONE","int","N","","","","","DB/ZXAFINIT.sql"
"WH_CustomerClass","FREEZE","P6_LEGACY","LEGACY","LEGACY","2","4","NONE","int","N","","","","","DB/ZXAFINIT.sql"
"WH_Depot","FREEZE","P6_LEGACY","LEGACY","LEGACY","2","5","NONE","int","N","","","","","DB/ZXAFINIT.sql"
"WH_DepotMaterial","FREEZE","P6_LEGACY","LEGACY","LEGACY","2","12","NONE","int","N","","","","","DB/ZXAFINIT.sql"
"WH_Dept","FREEZE","P6_LEGACY","LEGACY","LEGACY","2","4","NONE","int","N","","","","","DB/ZXAFINIT.sql"
"WH_Material","FREEZE","P6_LEGACY","LEGACY","LEGACY","4","14","NONE","int","N","","","","","DB/ZXAFINIT.sql"
"WH_MaterialClass","FREEZE","P6_LEGACY","LEGACY","LEGACY","1","4","NONE","int","N","","","","","DB/ZXAFINIT.sql"
"WH_Project","FREEZE","P6_LEGACY","LEGACY","LEGACY","1","4","NONE","int","N","","","","","DB/ZXAFINIT.sql"
"WH_RemoveBill","FREEZE","P6_LEGACY","LEGACY","LEGACY","8","10","NONE","varchar","N","","","","","DB/ZXAFINIT.sql"
"WH_RemoveBillDetail","FREEZE","P6_LEGACY","LEGACY","LEGACY","13","12","NONE","int","N","","","","","DB/ZXAFINIT.sql"
"WH_StorageType","FREEZE","P6_LEGACY","LEGACY","LEGACY","4","3","NONE","int","N","","","","","DB/ZXAFINIT.sql"
"WH_Supplier","FREEZE","P6_LEGACY","LEGACY","LEGACY","1","10","NONE","int","N","","","","","DB/ZXAFINIT.sql"
"WH_SupplierClass","FREEZE","P6_LEGACY","LEGACY","LEGACY","3","3","NONE","int","N","","","","","DB/ZXAFINIT.sql"
"WM_BasicData","FREEZE","P6_LEGACY","LEGACY","LEGACY","29","3","NONE","int","N","","","","","DB/ZXAFINIT.sql"
"WM_Bill","FREEZE","P6_LEGACY","LEGACY","LEGACY","151","20","NONE","nvarchar","N","","","","","DB/ZXAFINIT.sql"
"WM_BillAutoID","FREEZE","P6_LEGACY","LEGACY","LEGACY","4","3","NONE","int","N","","","","","DB/ZXAFINIT.sql"
"WM_BillDetail","FREEZE","P6_LEGACY","LEGACY","LEGACY","1629","16","NONE","nvarchar","N","","","","","DB/ZXAFINIT.sql"
"WM_CheckBill","FREEZE","P6_LEGACY","LEGACY","LEGACY","1","11","NONE","nvarchar","N","","","","","DB/ZXAFINIT.sql"
"WM_CheckBillDetail","FREEZE","P6_LEGACY","LEGACY","LEGACY","1613","14","NONE","nvarchar","N","","","","","DB/ZXAFINIT.sql"
"WM_Client","FREEZE","P6_LEGACY","LEGACY","LEGACY","1","16","NONE","nvarchar","N","","","","","DB/ZXAFINIT.sql"
"WM_ClientClass","FREEZE","P6_LEGACY","LEGACY","LEGACY","0","4","NONE","nvarchar","N","","","","","DB/ZXAFINIT.sql"
"WM_Depot","FREEZE","P6_LEGACY","LEGACY","LEGACY","1","5","NONE","nvarchar","N","","","","","DB/ZXAFINIT.sql"
"WM_DepotMaterial","FREEZE","P6_LEGACY","LEGACY","LEGACY","0","15","NONE","nvarchar","N","","","","","DB/ZXAFINIT.sql"
"WM_Dept","FREEZE","P6_LEGACY","LEGACY","LEGACY","1","7","NONE","nvarchar","N","","","","","DB/ZXAFINIT.sql"
"WM_Employee","FREEZE","P6_LEGACY","LEGACY","LEGACY","3","8","NONE","nvarchar","N","","","","","DB/ZXAFINIT.sql"
"WM_Material","FREEZE","P6_LEGACY","LEGACY","LEGACY","739","17","NONE","nvarchar","N","","","","","DB/ZXAFINIT.sql"
"WM_Project","FREEZE","P6_LEGACY","LEGACY","LEGACY","0","4","NONE","nchar","N","","","","","DB/ZXAFINIT.sql"
"WM_RemoveBill","FREEZE","P6_LEGACY","LEGACY","LEGACY","5","12","NONE","nvarchar","N","","","","","DB/ZXAFINIT.sql"
"WM_RemoveBillDetail","FREEZE","P6_LEGACY","LEGACY","LEGACY","7","13","NONE","nvarchar","N","","","","","DB/ZXAFINIT.sql"
"WM_StorageClass","FREEZE","P6_LEGACY","LEGACY","LEGACY","9","7","NONE","nvarchar","N","","","","","DB/ZXAFINIT.sql"
"WM_StorageType","FREEZE","P6_LEGACY","LEGACY","LEGACY","8","3","NONE","int","N","","","","","DB/ZXAFINIT.sql"
"WM_Supplier","FREEZE","P6_LEGACY","LEGACY","LEGACY","1","12","NONE","nvarchar","N","","","","","DB/ZXAFINIT.sql"
"WM_SupplierClass","FREEZE","P6_LEGACY","LEGACY","LEGACY","0","14","NONE","nvarchar","N","","","","","DB/ZXAFINIT.sql"
"WM_TaxRate","FREEZE","P6_LEGACY","LEGACY","LEGACY","0","4","NONE","int","N","","","","","DB/ZXAFINIT.sql"
"zx_sys_config","ENTER","P0_PLATFORM_CORE","MANDATORY","CORE","2","17","NONE","varchar","Y","zxdev","zxdev","Y","zxdev","DB/ZXAFINIT.sql"
"zx_sys_db","FREEZE","P6_LEGACY","LEGACY","LEGACY","5","8","NONE","varchar","N","","","","","DB/ZXAFINIT.sql"
"zx_system_db","ENTER","P0_PLATFORM_CORE","MANDATORY","CORE","0","8","NONE","NONE","Y","","zxdev","Y","zxdev","DB/ZXAFINIT.sql"
